[
	{
		"product_id": 1,
		"site_id": 25393,
		"product_name": "PGM $349 Budget",
		"cost": 349,
		"inventory_only": false,
		"private": true
	},
	{
		"product_id": 2,
		"site_id": 25393,
		"product_name": "PGM $249 Budget",
		"cost": 249,
		"inventory_only": false,
		"private": true
	},
	{
		"product_id": 7,
		"site_id": 1789,
		"product_name": "Indeed Sponsored Jobs",
		"cost": 1,
		"inventory_only": true,
		"private": false
	},
	{
		"product_id": 8,
		"site_id": 1789,
		"product_name": "Indeed 7 Day Product",
		"cost": 1,
		"inventory_only": true,
		"private": true
	}
]